"Status","Start Time","Stop Time","Duration in ms","Parent Suite","Suite","Sub Suite","Test Class","Test Method","Name","Description"
"passed","Tue Oct 06 19:23:50 UTC 2026","Tue Oct 06 19:23:56 UTC 2026","5522","","Search functionality scenarios","","Verify whether the User is able to search for the products","","Verify whether the User is able to search for the products",""
"passed","Tue Oct 06 19:23:30 UTC 2026","Tue Oct 06 19:23:36 UTC 2026","6219","","Registration functionality scenarios","","Verify  whether the user is not allowed to register on skipping mandatory fields","","Verify  whether the user is not allowed to register on skipping mandatory fields",""
"passed","Tue Oct 06 19:23:15 UTC 2026","Tue Oct 06 19:23:23 UTC 2026","7238","","Login functionality scenarios","","Verify whether the User is not able to reset the forgotten password","","Verify whether the User is not able to reset the forgotten password",""
"passed","Tue Oct 06 19:22:52 UTC 2026","Tue Oct 06 19:23:00 UTC 2026","7807","","Login functionality scenarios","","Verify whether the User is not able to login with invalid credentials","","Verify whether the User is not able to login with invalid credentials",""
"failed","Tue Oct 06 19:23:36 UTC 2026","Tue Oct 06 19:23:43 UTC 2026","7321","","Registration functionality scenarios","","Verify whether the user is able to register into application by opting for Newsletter subscription","","Verify whether the user is able to register into application by opting for Newsletter subscription",""
"passed","Tue Oct 06 19:23:07 UTC 2026","Tue Oct 06 19:23:15 UTC 2026","8468","","Login functionality scenarios","","Verify whether the User is able to reset the forgotten password","","Verify whether the User is able to reset the forgotten password",""
"passed","Tue Oct 06 19:23:00 UTC 2026","Tue Oct 06 19:23:07 UTC 2026","7178","","Login functionality scenarios","","Verify whether the User is not able login without providing credentials","","Verify whether the User is not able login without providing credentials",""
"passed","Tue Oct 06 19:23:56 UTC 2026","Tue Oct 06 19:24:01 UTC 2026","5196","","Search functionality scenarios","","Verify whether the User is informed when the product being searched is not available","","Verify whether the User is informed when the product being searched is not available",""
"passed","Tue Oct 06 19:23:23 UTC 2026","Tue Oct 06 19:23:30 UTC 2026","7306","","Registration functionality scenarios","","Verify whether the user able to register into the application by providing all the details","","Verify whether the user able to register into the application by providing all the details",""
"passed","Tue Oct 06 19:23:43 UTC 2026","Tue Oct 06 19:23:50 UTC 2026","6731","","Registration functionality scenarios","","Verify whether the user is restricted from creating a duplicate account","","Verify whether the user is restricted from creating a duplicate account",""
"passed","Tue Oct 06 19:22:33 UTC 2026","Tue Oct 06 19:22:52 UTC 2026","19081","","Login functionality scenarios","","Verify whether the User is able to login with valid credentials","","Verify whether the User is able to login with valid credentials",""
